<?xml version="1.0" encoding="UTF-8"?>
<dataset name="MENB-TS01_timeseries" author="Edmund Widl, AIT">

	<description>This dataset contains the generation and demand profiles for test specification MENB-TS01.</description>

	<timeseries name="heat_demand_profiles" file="heat_demand_profiles.csv" time-column="1">
		<description>timeseries for heat demand</description>
		<isochronous>yes</isochronous>
		<resolution>60</resolution> <!--Resolution in seconds between samples -->
		<column name="consumer1" column="2" datatype="float">
			<unit>kW</unit>
			<rawdata>no</rawdata>
			<description>heat demand of heat exhanger hex_1</description>
			<min-value>199.1513</min-value>
			<max-value>758.1418</max-value>
		</column>
		<column name="consumer2" column="3" datatype="float">
			<unit>kW</unit>
			<rawdata>no</rawdata>
			<description>heat demand of heat exhanger hex_2</description>
			<min-value>191.5649</min-value>
			<max-value>750.2859</max-value>
		</column>
	</timeseries>

	<timeseries name="power_demand_profiles" file="power_demand_profiles.csv" time-column="1">
		<description>timeseries for power demand</description>
		<isochronous>yes</isochronous>
		<resolution>900</resolution> <!--Resolution in seconds between samples -->
		<column name="Load_1" column="2" datatype="float">
			<unit>MW</unit>
			<rawdata>no</rawdata>
			<description>power demand of electrical load load_1</description>
			<min-value>0.0046</min-value>
			<max-value>0.1203</max-value>
		</column>
		<column name="Load_2" column="3" datatype="float">
			<unit>MW</unit>
			<rawdata>no</rawdata>
			<description>power demand of electrical load load_2</description>
			<min-value>0.0048</min-value>
			<max-value>0.0478</max-value>
		</column>
	</timeseries>

	<timeseries name="pv_generation_profiles" file="pv_generation_profiles.csv" time-column="1">
		<description>timeseries for PV generation</description>
		<isochronous>yes</isochronous>
		<resolution>900</resolution> <!--Resolution in seconds between samples -->
		<column name="Load_1" column="2" datatype="float">
			<unit>MW</unit>
			<rawdata>no</rawdata>
			<description>power generation of PV system pv_1</description>
			<min-value>0.0</min-value>
			<max-value>0.247</max-value>
		</column>
		<column name="Load_2" column="3" datatype="float">
			<unit>MW</unit>
			<rawdata>no</rawdata>
			<description>power generation of PV system pv_2</description>
			<min-value>0.0</min-value>
			<max-value>0.154</max-value>
		</column>
	</timeseries>

</dataset>