<?xml version="1.0" encoding="UTF-8"?>
<dataset name="MENB-TS01_timeseries" author="Edmund Widl, AIT">

	<description>This dataset contains simulation results for test specification MENB-TS01 produced with the implementation "cosim_disheatlib_pandapower".</description>

	<timeseries name="voltage-controller" file="voltage_ctrl.csv" time-column="1">
		<description>simulation results for voltage controller</description>
		<isochronous>yes</isochronous>
		<resolution>60</resolution> <!--Resolution in seconds between samples -->
		<column name="setpoint_hp_p_el_kW" column="2" datatype="float">
			<unit>kW</unit>
			<rawdata>no</rawdata>
			<description>setpoint for heat pump power consumption sent to flex heat controller</description>
			<min-value>0</min-value>
			<max-value>100</max-value>
		</column>
	</timeseries>

	<timeseries name="electrical-busses" file="busses.csv" time-column="1">
		<description>simulation results for electrical busses</description>
		<isochronous>yes</isochronous>
		<resolution>60</resolution> <!--Resolution in seconds between samples -->
		<column name="bus_1_voltage_pu" column="2" datatype="float">
			<unit>p.u.</unit>
			<rawdata>no</rawdata>
			<description>voltage as bus_1</description>
			<min-value>0.875</min-value>
			<max-value>1.134</max-value>
		</column>
		<column name="bus_2_voltage_pu" column="3" datatype="float">
			<unit>p.u.</unit>
			<rawdata>no</rawdata>
			<description>voltage as bus_2</description>
			<min-value>0.838</min-value>
			<max-value>1.186</max-value>
		</column>
	</timeseries>

	<timeseries name="flex-heat-controller" file="flex_heat_ctrl.csv" time-column="1">
		<description>simulation results for flex heat controller</description>
		<isochronous>yes</isochronous>
		<resolution>60</resolution> <!--Resolution in seconds between samples -->
		<column name="state" column="2" datatype="int">
			<unit></unit>
			<rawdata>no</rawdata>
			<description>operational mode of flex heat controller (state machine)</description>
			<min-value>1</min-value>
			<max-value>6</max-value>
		</column>
	</timeseries>

	<timeseries name="heat-pump" file="heat_pump.csv" time-column="1">
		<description>simulation results for heat pump</description>
		<isochronous>yes</isochronous>
		<resolution>60</resolution> <!--Resolution in seconds between samples -->
		<column name="P_effective_W" column="2" datatype="float">
			<unit>W</unit>
			<rawdata>no</rawdata>
			<description>electrical power consumption of heat pump</description>
			<min-value>300</min-value>
			<max-value>100300</max-value>
		</column>
	</timeseries>

	<timeseries name="electrical-lines" file="lines.csv" time-column="1">
		<description>simulation results for electrical lines</description>
		<isochronous>yes</isochronous>
		<resolution>60</resolution> <!--Resolution in seconds between samples -->
		<column name="line_1_loading" column="2" datatype="float">
			<unit>percent</unit>
			<rawdata>no</rawdata>
			<description>line loading of line_1</description>
			<min-value>16.668</min-value>
			<max-value>108.785</max-value>
		</column>
		<column name="line_2_loading" column="3" datatype="float">
			<unit>percent</unit>
			<rawdata>no</rawdata>
			<description>line loading of line_2</description>
			<min-value>4.676</min-value>
			<max-value>43.092</max-value>
		</column>
	</timeseries>

	<timeseries name="thermal-storage-tank" file="tank.csv" time-column="1">
		<description>simulation results for thermal storage tank</description>
		<isochronous>yes</isochronous>
		<resolution>60</resolution> <!--Resolution in seconds between samples -->
		<column name="T_tank_low_degC" column="2" datatype="float">
			<unit></unit>
			<rawdata>no</rawdata>
			<description>low temperature of thermal storage tank</description>
			<min-value>38.69</min-value>
			<max-value>40.589</max-value>
		</column>
		<column name="T_tank_mean_degC" column="3" datatype="float">
			<unit></unit>
			<rawdata>no</rawdata>
			<description>average temperature of thermal storage tank</description>
			<min-value>46.555</min-value>
			<max-value>55.268</max-value>
		</column>
		<column name="T_tank_high_degC" column="5" datatype="float">
			<unit></unit>
			<rawdata>no</rawdata>
			<description>high temperature of thermal storage tank</description>
			<min-value>62.913</min-value>
			<max-value>73.714</max-value>
		</column>
	</timeseries>

</dataset>